timestamp_s,frame,class_id,class_name,confidence,x1,y1,x2,y2,track_id
0.103,1,0,fpv,0.6509,228.1,104.3,261.9,123.2,
0.205,2,0,fpv,0.6694,232.8,106.2,265.4,125.0,
0.308,3,0,fpv,0.6699,235.3,108.2,268.9,127.4,
0.410,4,0,fpv,0.6880,238.7,109.3,271.4,129.9,
0.513,5,0,fpv,0.6611,242.9,113.0,275.2,131.2,
0.615,6,0,fpv,0.6943,244.5,113.5,279.5,132.9,
0.718,7,0,fpv,0.6636,248.8,114.9,281.2,135.5,
0.820,8,0,fpv,0.6489,252.3,119.5,283.0,136.9,
0.922,9,0,fpv,0.6646,252.7,119.3,287.5,139.0,
1.024,10,0,fpv,0.6699,257.3,122.1,289.9,141.5,
1.130,11,0,fpv,0.6821,259.5,123.6,295.0,143.4,
1.233,12,0,fpv,0.6821,262.6,124.9,293.2,146.1,
1.335,13,0,fpv,0.6646,265.0,125.8,298.8,148.5,
1.439,14,0,fpv,0.6685,267.6,129.5,301.4,151.7,
1.542,15,0,fpv,0.6875,270.5,132.8,304.5,153.7,
1.644,16,0,fpv,0.6982,273.2,135.5,305.2,156.0,
1.747,17,0,fpv,0.6724,274.9,136.4,308.8,159.7,
1.850,18,0,fpv,0.7017,277.3,139.0,311.0,161.8,
1.952,19,0,fpv,0.6675,281.1,141.2,313.1,163.6,
2.055,20,0,fpv,0.6831,281.6,144.4,314.4,165.0,
2.160,21,0,fpv,0.6797,285.0,147.6,316.5,167.8,
2.262,22,0,fpv,0.6709,286.1,148.4,318.7,170.3,
2.365,23,0,fpv,0.7070,286.4,150.7,321.5,173.2,
2.469,24,0,fpv,0.6372,289.5,153.4,325.0,174.6,
2.572,25,0,fpv,0.6807,291.4,155.5,325.4,177.1,
2.674,26,0,fpv,0.6807,293.1,157.2,325.7,179.4,
2.777,27,0,fpv,0.6748,293.8,160.3,327.9,183.5,
2.880,28,0,fpv,0.6396,295.7,162.3,331.0,185.5,
2.983,29,0,fpv,0.6240,295.1,162.3,331.7,188.8,
3.085,30,0,fpv,0.6230,297.5,165.6,334.6,192.1,
3.291,31,0,fpv,0.6440,300.4,167.9,337.0,194.4,
3.393,32,0,fpv,0.6562,300.8,171.8,335.9,195.3,
3.498,33,0,fpv,0.6147,301.4,172.9,340.2,198.1,
3.600,34,0,fpv,0.6299,304.5,173.7,342.1,199.9,
3.703,35,0,fpv,0.6230,306.7,176.4,344.2,201.2,
3.805,36,0,fpv,0.6343,308.1,178.7,345.1,201.6,
3.908,37,0,fpv,0.6445,310.6,181.5,346.6,203.4,
4.011,38,0,fpv,0.6196,313.3,182.0,347.9,204.9,
4.113,39,0,fpv,0.6060,313.4,184.2,349.1,206.7,
4.219,40,0,fpv,0.6196,313.7,185.2,351.1,209.7,
4.321,41,0,fpv,0.6152,315.4,185.2,355.8,213.0,
4.424,42,0,fpv,0.6143,316.9,187.3,356.2,214.2,
4.526,43,0,fpv,0.6577,319.7,190.1,357.3,214.0,
4.629,44,0,fpv,0.6118,321.4,190.6,360.3,216.1,
4.732,45,0,fpv,0.6108,322.8,192.6,363.5,216.8,
4.835,46,0,fpv,0.6245,324.3,192.3,362.7,217.1,
4.937,47,0,fpv,0.5962,325.9,193.4,367.8,218.0,
5.041,48,0,fpv,0.6226,326.0,194.1,366.9,217.3,
5.143,49,0,fpv,0.6338,326.2,194.1,372.1,218.6,
5.249,50,0,fpv,0.6387,328.0,196.9,372.2,219.1,
5.351,51,0,fpv,0.6514,328.8,196.8,372.7,219.9,
5.455,52,0,fpv,0.6582,330.0,197.4,376.9,220.6,
5.558,53,0,fpv,0.6958,331.7,197.3,377.1,221.4,
5.660,54,0,fpv,0.6934,333.2,198.9,376.4,222.4,
5.762,55,0,fpv,0.7139,330.1,198.9,380.1,222.4,
5.865,56,0,fpv,0.6929,331.7,199.6,379.8,223.1,
5.967,57,0,fpv,0.6968,332.3,200.2,378.5,223.8,
6.069,58,0,fpv,0.6987,331.4,202.1,380.1,225.2,
6.172,59,0,fpv,0.6851,331.0,202.4,381.2,226.2,
6.277,60,0,fpv,0.6714,329.6,203.2,382.6,227.4,
6.380,61,0,fpv,0.6709,331.5,204.4,383.3,227.6,
6.484,62,0,fpv,0.6816,330.6,205.0,383.6,228.2,
6.586,63,0,fpv,0.6646,330.1,206.7,382.8,229.9,
6.688,64,0,fpv,0.6797,328.8,205.2,385.3,232.0,
6.791,65,0,fpv,0.6621,327.7,206.0,380.5,232.5,
6.894,66,0,fpv,0.6909,326.1,206.4,384.1,232.9,
6.997,67,0,fpv,0.7056,324.8,207.9,380.1,234.7,
7.099,68,0,fpv,0.7280,323.0,210.0,381.3,235.2,
7.201,69,0,fpv,0.6899,321.5,210.7,379.4,235.9,
7.307,70,0,fpv,0.6758,318.4,212.2,377.2,235.7,
7.410,71,0,fpv,0.6885,314.5,212.2,375.8,238.3,
7.513,72,0,fpv,0.7075,312.4,212.7,375.3,237.8,
7.616,73,0,fpv,0.6807,305.1,213.3,369.7,237.8,
7.718,74,0,fpv,0.6553,302.4,211.2,368.3,238.0,
7.820,75,0,fpv,0.6865,297.5,211.8,368.0,238.7,
7.922,76,0,fpv,0.7080,296.1,213.0,367.1,238.2,
8.024,77,0,fpv,0.6592,288.5,211.8,366.0,240.0,
8.127,78,0,fpv,0.6611,283.5,208.4,361.8,242.1,
8.229,79,0,fpv,0.6855,280.2,209.8,362.1,239.3,
8.335,80,0,fpv,0.6812,277.6,209.0,360.1,238.8,
8.439,81,0,fpv,0.7139,271.0,207.0,357.1,239.5,
8.542,82,0,fpv,0.6992,271.3,207.0,354.4,238.8,
8.644,83,0,fpv,0.6836,268.0,204.4,351.1,237.5,
8.747,84,0,fpv,0.7134,265.1,202.9,350.4,234.4,
8.850,85,0,fpv,0.6968,262.0,201.4,352.8,233.9,
8.953,86,0,fpv,0.6753,258.7,199.6,354.4,232.4,
9.055,87,0,fpv,0.7041,259.5,196.3,352.0,230.4,
9.158,88,0,fpv,0.6831,256.7,192.8,352.5,227.9,
9.260,89,0,fpv,0.7012,255.1,190.8,354.1,226.6,
9.366,90,0,fpv,0.7124,258.5,188.0,353.7,222.8,
9.470,91,0,fpv,0.7139,254.8,183.2,358.0,220.3,
9.572,92,0,fpv,0.7358,252.7,181.4,353.8,217.5,
9.675,93,0,fpv,0.7202,252.8,175.6,358.0,217.3,
9.778,94,0,fpv,0.7183,251.8,172.9,363.7,213.3,
9.880,95,0,fpv,0.7339,253.0,167.4,364.5,210.2,
9.983,96,0,fpv,0.7280,251.7,163.5,368.4,208.9,
10.086,97,0,fpv,0.7261,244.8,159.8,379.6,205.9,
10.188,98,0,fpv,0.7520,249.3,155.7,382.7,203.4,
10.291,99,0,fpv,0.7734,251.8,148.6,390.1,202.6,
10.397,100,0,fpv,0.7778,249.8,144.8,399.2,199.1,
10.502,101,0,fpv,0.7886,256.4,140.0,405.1,197.9,
10.604,102,0,fpv,0.7759,252.7,135.3,419.0,194.6,
10.707,103,0,fpv,0.7832,254.8,122.8,432.2,193.2,
10.810,104,0,fpv,0.7817,264.2,119.1,440.7,188.3,
10.912,105,0,fpv,0.7920,272.0,108.9,464.7,186.6,
11.015,106,0,fpv,0.7842,281.6,91.4,478.9,180.2,
11.117,107,0,fpv,0.7700,291.3,72.2,510.3,174.2,
11.220,108,0,fpv,0.7871,313.4,58.9,536.6,167.0,
11.323,109,0,fpv,0.8306,330.7,45.1,554.4,159.6,
11.429,110,0,fpv,0.8086,359.1,34.9,592.9,150.6,
11.531,111,0,fpv,0.8384,388.4,11.3,625.2,140.1,
11.634,112,0,fpv,0.8394,406.8,6.7,647.3,135.1,
11.737,113,0,fpv,0.8267,443.2,0.3,706.9,125.9,
11.840,114,0,fpv,0.8545,480.3,-1.4,728.1,123.3,
11.942,115,0,fpv,0.8228,525.4,-2.0,775.8,112.6,
12.044,116,0,fpv,0.8569,560.8,-1.7,819.8,107.0,
12.147,117,0,fpv,0.8569,603.5,-2.2,851.3,108.2,
12.249,118,0,fpv,0.8516,661.5,-0.7,849.0,105.0,
12.352,119,0,fpv,0.8306,689.0,-0.7,848.0,116.6,
12.460,120,0,fpv,0.8154,730.1,0.4,848.0,122.1,
12.564,121,0,fpv,0.7974,762.9,1.1,848.3,133.4,
12.666,122,0,fpv,0.6221,786.7,11.3,848.3,157.3,
13.381,129,0,fpv,0.2673,824.1,180.4,848.0,239.7,
13.488,130,0,fpv,0.2632,810.2,192.5,847.3,242.1,
13.590,131,0,fpv,0.3528,789.7,176.7,848.0,269.8,
13.693,132,0,fpv,0.5029,773.8,200.2,848.0,275.4,
13.795,133,0,fpv,0.7217,767.8,213.3,847.3,292.8,
13.898,134,0,fpv,0.7847,746.0,218.3,848.0,305.7,
14.001,135,0,fpv,0.8184,725.8,235.0,848.3,313.5,
14.104,136,0,fpv,0.8101,709.9,248.6,848.3,321.1,
14.206,137,0,fpv,0.7915,694.0,261.0,837.7,329.3,
14.309,138,0,fpv,0.7744,676.9,267.0,813.7,337.2,
14.412,139,0,fpv,0.7871,655.5,269.8,791.4,342.3,
14.519,140,0,fpv,0.7471,643.6,276.6,760.9,342.8,
14.622,141,0,fpv,0.7529,626.6,285.4,739.5,345.3,
14.724,142,0,fpv,0.7407,610.8,286.0,718.8,346.0,
14.827,143,0,fpv,0.7310,593.8,288.7,694.1,347.3,
14.930,144,0,fpv,0.6880,580.3,285.9,679.7,345.5,
15.033,145,0,fpv,0.6768,568.6,282.9,663.7,341.8,
15.135,146,0,fpv,0.6128,553.4,284.0,648.4,341.4,
15.238,147,0,fpv,0.6562,539.1,283.2,636.2,338.2,
15.340,148,0,fpv,0.6938,526.4,280.1,623.7,333.4,
15.444,149,0,fpv,0.6997,519.2,272.9,613.6,331.9,
15.550,150,0,fpv,0.6973,511.0,269.6,600.7,329.3,
15.652,151,0,fpv,0.6196,501.2,265.5,590.0,324.1,
15.755,152,0,fpv,0.5747,497.0,265.0,577.5,316.7,
15.857,153,0,fpv,0.6514,492.9,262.8,569.1,310.9,
15.959,154,0,fpv,0.6182,485.3,255.1,564.1,307.4,
16.062,155,0,fpv,0.6152,482.8,247.3,558.7,302.6,
16.164,156,0,fpv,0.6904,477.7,241.8,552.5,297.5,
16.266,157,0,fpv,0.6514,478.5,240.0,544.4,291.3,
16.368,158,0,fpv,0.5903,473.2,237.3,539.1,288.7,
16.472,159,0,fpv,0.6455,468.2,231.4,533.5,284.0,
16.578,160,0,fpv,0.5571,466.9,229.4,526.9,279.4,
16.681,161,0,fpv,0.4885,460.8,225.6,523.0,275.9,
16.784,162,0,fpv,0.5771,460.6,221.3,519.9,271.0,
16.886,163,0,fpv,0.5498,454.0,217.5,517.2,267.5,
16.989,164,0,fpv,0.5400,449.8,214.6,511.4,260.4,
17.090,165,0,fpv,0.6543,448.3,211.3,511.0,257.0,
17.193,166,0,fpv,0.4978,444.2,208.2,510.5,254.2,
17.295,167,0,fpv,0.4683,443.9,205.7,504.8,248.8,
17.397,168,0,fpv,0.5649,439.1,202.4,503.0,247.4,
17.502,169,0,fpv,0.5825,435.4,199.1,501.3,245.5,
17.608,170,0,fpv,0.5630,435.9,197.4,499.5,240.5,
17.710,171,0,fpv,0.6450,431.6,196.8,497.9,236.5,
17.813,172,0,fpv,0.5225,430.6,194.1,494.2,235.9,
17.915,173,0,fpv,0.5322,426.3,192.1,492.6,233.9,
18.019,174,0,fpv,0.4194,426.6,189.8,492.2,233.5,
18.123,175,0,fpv,0.4695,422.8,186.8,491.4,234.5,
18.226,176,0,fpv,0.4248,422.5,186.2,490.4,233.9,
18.329,177,0,fpv,0.4800,424.7,187.5,487.6,231.2,
18.431,178,0,fpv,0.5278,421.4,187.0,486.9,231.7,
18.534,179,0,fpv,0.5239,420.5,185.2,485.8,229.6,
18.640,180,0,fpv,0.4976,420.4,186.8,484.0,227.9,
18.742,181,0,fpv,0.5005,422.2,184.8,484.1,227.2,
18.845,182,0,fpv,0.5386,424.0,184.3,483.0,226.4,
18.947,183,0,fpv,0.5591,422.7,185.0,482.3,224.4,
19.050,184,0,fpv,0.5439,421.7,181.4,482.6,224.1,
19.152,185,0,fpv,0.5483,422.2,182.0,484.1,224.8,
19.255,186,0,fpv,0.5713,421.4,181.7,485.0,223.8,
19.357,187,0,fpv,0.5850,421.7,183.0,485.3,223.8,
19.460,188,0,fpv,0.5547,423.3,181.0,486.9,224.4,
19.563,189,0,fpv,0.6133,422.2,180.7,488.1,224.8,
19.669,190,0,fpv,0.5635,422.0,179.5,488.3,227.2,
19.772,191,0,fpv,0.5356,425.2,181.5,487.8,227.2,
19.876,192,0,fpv,0.5571,425.8,181.4,489.8,225.4,
19.978,193,0,fpv,0.5757,426.6,182.5,488.3,225.6,
20.081,194,0,fpv,0.5610,426.5,182.2,487.8,230.6,
20.183,195,0,fpv,0.5508,427.5,183.3,488.1,230.1,
20.285,196,0,fpv,0.5278,429.0,185.0,488.6,229.7,
20.387,197,0,fpv,0.5371,427.5,186.3,489.4,232.4,
20.491,198,0,fpv,0.6040,426.6,190.3,488.9,233.7,
20.594,199,0,fpv,0.5957,426.5,192.0,490.4,236.0,
20.699,200,0,fpv,0.5918,427.5,194.8,489.4,236.5,
20.803,201,0,fpv,0.6431,426.5,197.8,490.4,242.1,
20.906,202,0,fpv,0.6577,426.3,201.1,489.3,246.1,
21.008,203,0,fpv,0.5947,426.5,203.1,490.4,250.1,
21.111,204,0,fpv,0.6479,425.3,208.4,489.6,248.1,
21.213,205,0,fpv,0.6533,426.8,211.3,488.8,253.7,
21.315,206,0,fpv,0.5820,432.6,214.0,486.9,255.7,
21.418,207,0,fpv,0.5977,428.8,218.0,488.1,257.0,
21.520,208,0,fpv,0.6245,434.4,222.8,486.4,256.9,
21.622,209,0,fpv,0.2581,430.8,233.5,480.8,279.9,
21.830,211,0,fpv,0.3269,442.7,246.0,468.9,265.5,
21.933,212,0,fpv,0.4504,441.9,247.3,473.7,265.5,
22.035,213,0,fpv,0.2708,440.4,247.3,473.9,270.8,
22.137,214,0,fpv,0.6348,442.9,252.7,471.4,272.0,
22.239,215,0,fpv,0.4905,444.7,256.4,472.2,274.3,
22.342,216,0,fpv,0.5264,447.9,260.7,469.7,275.9,
22.342,216,0,fpv,0.3896,437.9,257.2,474.4,279.4,
22.446,217,0,fpv,0.6167,447.9,261.2,472.4,276.8,
22.549,218,0,fpv,0.5459,444.4,260.0,484.5,281.2,
22.651,219,0,fpv,0.6055,448.2,263.2,476.0,281.4,
22.651,219,0,fpv,0.3066,537.1,216.3,579.9,244.1,
22.757,220,0,fpv,0.5508,450.8,265.0,474.7,281.6,
22.962,222,0,fpv,0.3347,449.5,264.5,485.3,289.3,
23.065,223,0,fpv,0.5625,451.8,266.0,490.9,291.2,
23.167,224,0,fpv,0.4321,454.3,268.5,486.4,288.0,
23.167,224,0,fpv,0.4080,598.4,192.3,648.4,222.4,
23.372,226,0,fpv,0.4761,452.5,268.5,489.6,290.7,
23.681,229,0,fpv,0.4119,446.2,265.7,494.6,290.2,
23.681,229,0,fpv,0.2764,675.6,175.4,724.9,202.2,
23.787,230,0,fpv,0.4844,447.5,262.7,504.5,289.2,
23.890,231,0,fpv,0.5239,451.8,260.2,494.9,285.7,
23.993,232,0,fpv,0.5420,434.9,254.2,499.9,283.7,
24.096,233,0,fpv,0.5083,447.9,245.1,500.9,282.2,
24.198,234,0,fpv,0.4541,445.2,247.6,491.6,277.1,
24.300,235,0,fpv,0.4346,436.4,241.6,492.4,272.5,
24.402,236,0,fpv,0.7324,419.7,230.1,502.5,269.5,
24.508,237,0,fpv,0.7124,413.9,217.3,508.3,265.7,
24.611,238,0,fpv,0.7402,409.3,204.4,505.0,257.4,
24.713,239,0,fpv,0.7173,395.8,193.9,504.5,253.9,
24.820,240,0,fpv,0.7461,387.9,183.3,497.9,244.6,
24.922,241,0,fpv,0.7583,378.1,176.9,491.1,235.2,
25.025,242,0,fpv,0.7354,369.7,168.8,475.0,227.4,
25.127,243,0,fpv,0.7812,347.0,157.7,467.9,217.3,
25.229,244,0,fpv,0.8057,331.1,142.5,453.3,209.3,
25.332,245,0,fpv,0.8213,308.3,133.8,432.4,201.4,
25.434,246,0,fpv,0.8179,287.2,121.1,409.1,191.6,
25.537,247,0,fpv,0.8389,258.8,108.6,387.1,184.9,
25.639,248,0,fpv,0.8135,229.3,98.0,355.7,175.0,
25.742,249,0,fpv,0.8262,202.1,86.5,318.3,169.2,
25.847,250,0,fpv,0.8130,163.8,78.6,280.4,161.2,
25.950,251,0,fpv,0.8110,121.2,67.6,240.2,157.3,
26.053,252,0,fpv,0.8301,77.9,64.7,202.0,151.3,
26.155,253,0,fpv,0.8394,28.9,60.3,163.4,150.7,
26.257,254,0,fpv,0.8330,0.1,51.3,114.4,150.7,
26.360,255,0,fpv,0.7715,0.2,51.2,71.9,146.9,
26.464,256,0,fpv,0.5850,0.2,47.1,42.6,126.5,
28.418,275,0,fpv,0.3218,-0.1,222.8,19.3,272.8,
28.520,276,0,fpv,0.6562,0.1,227.1,40.6,272.5,
28.623,277,0,fpv,0.7373,-0.2,228.4,62.3,273.8,
28.725,278,0,fpv,0.7397,11.5,233.5,82.6,273.3,
28.828,279,0,fpv,0.7422,32.0,233.2,101.0,275.6,
28.935,280,0,fpv,0.6992,54.1,234.5,123.1,276.3,
29.038,281,0,fpv,0.7290,79.0,237.0,142.6,274.4,
29.140,282,0,fpv,0.7397,100.8,240.5,159.7,272.3,
29.242,283,0,fpv,0.6885,119.5,240.0,178.7,271.5,
29.345,284,0,fpv,0.6582,137.7,237.8,195.9,271.0,
29.449,285,0,fpv,0.6978,157.9,239.2,210.5,267.6,
29.551,286,0,fpv,0.7109,174.1,238.7,225.4,267.5,
29.654,287,0,fpv,0.6826,189.2,235.8,241.4,266.3,
29.758,288,0,fpv,0.6782,202.1,235.4,252.3,264.2,
29.862,289,0,fpv,0.6440,217.4,234.7,263.6,262.2,
29.968,290,0,fpv,0.6963,230.6,234.9,273.6,260.7,
30.071,291,0,fpv,0.6802,239.7,231.4,285.6,258.9,
